{
    "extrinsic_laser1": [
        0.37865,
        -0.24765,
        0.785398
    ],
    "extrinsic_laser2": [
        -0.385025,
        0.261467,
        3.926991
    ],
    "extrinsic_realsense": [
        0.38,
        0.0,
        -1.570796326794897
    ]
}