{
    "extrinsic_laser1": [
        0.5677,
        -0.38755,
        0.785398
    ],
    "extrinsic_laser2": [
        -0.577813,
        0.418552,
        -2.354449
    ],
    "extrinsic_realsense": [
        0.38,
        0.0,
        -1.570796326794897
    ]
}